"skill_name","seniority_context","title","url","estimated_hours","resource_type","abstracts","source","created_at","updated_at"
"Help Desk Ticket Triage and Troubleshooting","junior","Google IT Support Professional Certificate","https://www.coursera.org/professional-certificates/google-it-support","180","course","Entry IT support curriculum covering troubleshooting, customer support, networking, operating systems, system administration, security, help desk workflows, escalation, and service desk fundamentals.","manual_research_expanded_2026_05_03","2026-05-03T00:00:00+07:00","2026-05-03T00:00:00+07:00"
"Help Desk Ticket Triage and Troubleshooting","junior","Build a Help Desk Knowledge Base and Ticket Workflow","https://github.com/practical-tutorials/project-based-learning","35","project","Portfolio project: create ticket categories, severity levels, SLA rules, troubleshooting runbooks, canned responses, escalation paths, and a small knowledge base for repeatable desktop support.","manual_research_expanded_2026_05_03","2026-05-03T00:00:00+07:00","2026-05-03T00:00:00+07:00"
"Help Desk Ticket Triage and Troubleshooting","junior","CompTIA A+ Certification","https://www.comptia.org/en/certifications/a/","120","cert","Vendor-neutral entry credential for endpoint support, hardware, operating systems, networking basics, mobile devices, troubleshooting, security basics, and operational procedures.","manual_research_expanded_2026_05_03","2026-05-03T00:00:00+07:00","2026-05-03T00:00:00+07:00"
"Help Desk Ticket Triage and Troubleshooting","junior","Microsoft Learn: Windows Client Documentation","https://learn.microsoft.com/en-us/windows/client-management/","18","doc","Official documentation for managing Windows client devices, endpoint configuration, troubleshooting, updates, policies, deployment, and support operations.","manual_research_expanded_2026_05_03","2026-05-03T00:00:00+07:00","2026-05-03T00:00:00+07:00"
"Windows Endpoint Support","junior","Microsoft Learn: Manage Windows Clients","https://learn.microsoft.com/en-us/training/browse/?terms=windows%20client%20management","45","course","Role-focused modules for Windows client administration, device settings, updates, security baselines, user support, endpoint management, and troubleshooting.","manual_research_expanded_2026_05_03","2026-05-03T00:00:00+07:00","2026-05-03T00:00:00+07:00"
"Windows Endpoint Support","junior","Windows Workstation Hardening and Support Lab","https://learn.microsoft.com/en-us/windows/security/operating-system-security/","30","project","Hands-on lab: configure users, BitLocker, Windows Defender, firewall, updates, local policies, backups, remote help, and document break-fix scenarios.","manual_research_expanded_2026_05_03","2026-05-03T00:00:00+07:00","2026-05-03T00:00:00+07:00"
"Windows Endpoint Support","junior","Microsoft 365 Certified: Endpoint Administrator Associate","https://learn.microsoft.com/en-us/credentials/certifications/m365-endpoint-administrator/","90","cert","Credential for deploying, configuring, securing, managing, and monitoring devices and client applications in Microsoft 365 environments.","manual_research_expanded_2026_05_03","2026-05-03T00:00:00+07:00","2026-05-03T00:00:00+07:00"
"Windows Endpoint Support","junior","Microsoft Intune Documentation","https://learn.microsoft.com/en-us/mem/intune/","24","doc","Official Intune reference for device enrollment, compliance policies, app protection, configuration profiles, endpoint security, and remote actions.","manual_research_expanded_2026_05_03","2026-05-03T00:00:00+07:00","2026-05-03T00:00:00+07:00"
"Linux Command Line Administration","junior","Introduction to Linux by The Linux Foundation","https://training.linuxfoundation.org/training/introduction-to-linux/","60","course","Beginner Linux course covering shells, file systems, command-line tools, permissions, process management, networking utilities, package management, and open-source basics.","manual_research_expanded_2026_05_03","2026-05-03T00:00:00+07:00","2026-05-03T00:00:00+07:00"
"Linux Command Line Administration","junior","Linux Server Baseline Automation Lab","https://github.com/practical-tutorials/project-based-learning#cc","35","project","Portfolio project: provision a Linux VM, create users, configure SSH, firewall, cron jobs, logs, packages, backups, and write repeatable admin notes.","manual_research_expanded_2026_05_03","2026-05-03T00:00:00+07:00","2026-05-03T00:00:00+07:00"
"Linux Command Line Administration","junior","Linux Foundation Certified IT Associate LFCA","https://training.linuxfoundation.org/certification/certified-it-associate/","80","cert","Foundational Linux Foundation certification covering Linux, system administration basics, cloud, security, DevOps concepts, and command-line competence.","manual_research_expanded_2026_05_03","2026-05-03T00:00:00+07:00","2026-05-03T00:00:00+07:00"
"Linux Command Line Administration","junior","Ubuntu Server Documentation","https://documentation.ubuntu.com/server/","20","doc","Official Ubuntu Server docs for installation, package management, users, storage, networking, security, services, containers, and server operations.","manual_research_expanded_2026_05_03","2026-05-03T00:00:00+07:00","2026-05-03T00:00:00+07:00"
"Networking Fundamentals and Subnetting","junior","Cisco Networking Academy: Introduction to Networks","https://www.netacad.com/courses/ccna-introduction-networks","70","course","Cisco course introducing Ethernet, IP addressing, subnetting, switching, routing, wireless, basic security, and practical packet-level network troubleshooting.","manual_research_expanded_2026_05_03","2026-05-03T00:00:00+07:00","2026-05-03T00:00:00+07:00"
"Networking Fundamentals and Subnetting","junior","Packet Tracer Small Office Network Design","https://www.netacad.com/courses/packet-tracer","40","project","Hands-on project: build a small office topology with addressing plan, VLANs, DHCP, DNS, wireless, routing, ACLs, and a network diagram.","manual_research_expanded_2026_05_03","2026-05-03T00:00:00+07:00","2026-05-03T00:00:00+07:00"
"Networking Fundamentals and Subnetting","junior","CompTIA Network+ Certification","https://www.comptia.org/en/certifications/network/","100","cert","Vendor-neutral certification validating networking concepts, connectivity, infrastructure, operations, troubleshooting, wireless, cloud networking, and network security.","manual_research_expanded_2026_05_03","2026-05-03T00:00:00+07:00","2026-05-03T00:00:00+07:00"
"Networking Fundamentals and Subnetting","junior","Wireshark User Guide","https://www.wireshark.org/docs/wsug_html_chunked/","18","doc","Packet analysis documentation for inspecting protocols, TCP/IP behavior, DNS, HTTP, TLS, network latency, retransmissions, and troubleshooting captures.","manual_research_expanded_2026_05_03","2026-05-03T00:00:00+07:00","2026-05-03T00:00:00+07:00"
"Basic Cybersecurity Hygiene","junior","Google Cybersecurity Professional Certificate","https://www.coursera.org/professional-certificates/google-cybersecurity","180","course","Beginner analyst curriculum covering security fundamentals, Linux, SQL, Python, SIEM, incident response, network security, risk, and common controls.","manual_research_expanded_2026_05_03","2026-05-03T00:00:00+07:00","2026-05-03T00:00:00+07:00"
"Basic Cybersecurity Hygiene","junior","Personal and Small Business Security Baseline Project","https://www.cisa.gov/secure-our-world","20","project","Project: document MFA rollout, password manager adoption, device updates, backup verification, phishing awareness, least privilege, and basic home or SMB risk register.","manual_research_expanded_2026_05_03","2026-05-03T00:00:00+07:00","2026-05-03T00:00:00+07:00"
"Basic Cybersecurity Hygiene","junior","ISC2 Certified in Cybersecurity","https://www.isc2.org/certifications/cc","80","cert","Entry cybersecurity certification covering security principles, business continuity, access controls, network security, security operations, and incident response basics.","manual_research_expanded_2026_05_03","2026-05-03T00:00:00+07:00","2026-05-03T00:00:00+07:00"
"Basic Cybersecurity Hygiene","junior","CISA Cybersecurity Best Practices","https://www.cisa.gov/cybersecurity-best-practices","12","doc","Government guidance for basic cyber hygiene, vulnerability reduction, ransomware prevention, MFA, backups, patching, and organizational risk reduction.","manual_research_expanded_2026_05_03","2026-05-03T00:00:00+07:00","2026-05-03T00:00:00+07:00"
"SQL Querying Fundamentals","junior","Kaggle Learn: Intro to SQL","https://www.kaggle.com/learn/intro-to-sql","8","course","Short practical course for SELECT, filtering, aggregation, joins, nested queries, BigQuery usage, and basic analytical SQL patterns.","manual_research_expanded_2026_05_03","2026-05-03T00:00:00+07:00","2026-05-03T00:00:00+07:00"
"SQL Querying Fundamentals","junior","Build a Relational Reporting Database","https://www.freecodecamp.org/learn/relational-database/","40","project","Project: design tables, load CSV data, write joins, aggregations, constraints, views, and reporting queries for a business dataset.","manual_research_expanded_2026_05_03","2026-05-03T00:00:00+07:00","2026-05-03T00:00:00+07:00"
"SQL Querying Fundamentals","junior","freeCodeCamp Relational Database Certification","https://www.freecodecamp.org/learn/relational-database/","120","cert","Project-based credential for PostgreSQL, Bash, Git, relational modeling, SQL querying, and database-backed command-line projects.","manual_research_expanded_2026_05_03","2026-05-03T00:00:00+07:00","2026-05-03T00:00:00+07:00"
"SQL Querying Fundamentals","junior","PostgreSQL Documentation","https://www.postgresql.org/docs/current/","30","doc","Official reference for SQL syntax, data types, joins, indexes, constraints, transactions, functions, performance, and administration.","manual_research_expanded_2026_05_03","2026-05-03T00:00:00+07:00","2026-05-03T00:00:00+07:00"
"Python Programming Fundamentals","junior","CS50P: Introduction to Programming with Python","https://cs50.harvard.edu/python/","80","course","Beginner programming course covering Python syntax, functions, conditionals, loops, exceptions, libraries, file I/O, tests, and practical problem solving.","manual_research_expanded_2026_05_03","2026-05-03T00:00:00+07:00","2026-05-03T00:00:00+07:00"
"Python Programming Fundamentals","junior","Python CLI Automation Portfolio","https://github.com/practical-tutorials/project-based-learning#python","40","project","Project set: build command-line utilities for file renaming, CSV cleaning, log parsing, API requests, scheduling, and automated reports.","manual_research_expanded_2026_05_03","2026-05-03T00:00:00+07:00","2026-05-03T00:00:00+07:00"
"Python Programming Fundamentals","junior","PCEP Certified Entry-Level Python Programmer","https://pythoninstitute.org/pcep","70","cert","Entry Python certification targeting syntax, data types, control flow, functions, exceptions, modules, and basic problem-solving competence.","manual_research_expanded_2026_05_03","2026-05-03T00:00:00+07:00","2026-05-03T00:00:00+07:00"
"Python Programming Fundamentals","junior","Python 3 Documentation","https://docs.python.org/3/","35","doc","Official Python language, standard library, tutorial, packaging, virtual environment, file handling, testing, and API reference.","manual_research_expanded_2026_05_03","2026-05-03T00:00:00+07:00","2026-05-03T00:00:00+07:00"
"HTML CSS Responsive Web Layout","junior","freeCodeCamp Responsive Web Design","https://www.freecodecamp.org/learn/responsive-web-design-v9/","80","course","Hands-on curriculum for HTML, CSS, accessibility, Flexbox, Grid, responsive design, forms, typography, and layout projects.","manual_research_expanded_2026_05_03","2026-05-03T00:00:00+07:00","2026-05-03T00:00:00+07:00"
"HTML CSS Responsive Web Layout","junior","Responsive Portfolio Website Project","https://developer.mozilla.org/en-US/docs/Learn","35","project","Project: build and deploy a responsive portfolio with semantic HTML, accessible forms, CSS Grid/Flexbox, mobile navigation, and performance checks.","manual_research_expanded_2026_05_03","2026-05-03T00:00:00+07:00","2026-05-03T00:00:00+07:00"
"HTML CSS Responsive Web Layout","junior","freeCodeCamp Responsive Web Design Certification","https://www.freecodecamp.org/learn/responsive-web-design-v9/","80","cert","Project-based web design credential requiring multiple accessible, responsive websites and HTML/CSS practice projects.","manual_research_expanded_2026_05_03","2026-05-03T00:00:00+07:00","2026-05-03T00:00:00+07:00"
"HTML CSS Responsive Web Layout","junior","MDN: Learn Web Development","https://developer.mozilla.org/en-US/docs/Learn","25","doc","Mozilla reference and tutorials for web standards, HTML, CSS, accessibility, JavaScript basics, forms, deployment, and browser behavior.","manual_research_expanded_2026_05_03","2026-05-03T00:00:00+07:00","2026-05-03T00:00:00+07:00"
"JavaScript DOM and Browser APIs","junior","freeCodeCamp JavaScript Algorithms and Data Structures","https://www.freecodecamp.org/learn/javascript-algorithms-and-data-structures-v8/","120","course","JavaScript course covering variables, functions, arrays, objects, modules, recursion, regex, algorithms, and browser-adjacent programming fundamentals.","manual_research_expanded_2026_05_03","2026-05-03T00:00:00+07:00","2026-05-03T00:00:00+07:00"
"JavaScript DOM and Browser APIs","junior","Interactive Browser App Project","https://developer.mozilla.org/en-US/docs/Web/API","40","project","Project: build a task manager, quiz, or budget app using DOM manipulation, events, localStorage, forms, fetch, validation, and accessibility improvements.","manual_research_expanded_2026_05_03","2026-05-03T00:00:00+07:00","2026-05-03T00:00:00+07:00"
"JavaScript DOM and Browser APIs","junior","freeCodeCamp JavaScript Algorithms and Data Structures Certification","https://www.freecodecamp.org/learn/javascript-algorithms-and-data-structures-v8/","120","cert","Project credential demonstrating JavaScript fundamentals, algorithmic thinking, data structures, functional patterns, and problem-solving exercises.","manual_research_expanded_2026_05_03","2026-05-03T00:00:00+07:00","2026-05-03T00:00:00+07:00"
"JavaScript DOM and Browser APIs","junior","MDN Web APIs Documentation","https://developer.mozilla.org/en-US/docs/Web/API","30","doc","Comprehensive browser API documentation for DOM, Fetch, Storage, History, Web Workers, events, forms, media, and client-side capabilities.","manual_research_expanded_2026_05_03","2026-05-03T00:00:00+07:00","2026-05-03T00:00:00+07:00"
"Git and GitHub Version Control","junior","GitHub Skills: Introduction to GitHub","https://skills.github.com/","8","course","Interactive GitHub learning path for repositories, commits, branches, pull requests, issues, markdown, collaboration, and workflow basics.","manual_research_expanded_2026_05_03","2026-05-03T00:00:00+07:00","2026-05-03T00:00:00+07:00"
"Git and GitHub Version Control","junior","Team Git Workflow Simulation","https://docs.github.com/en/get-started","20","project","Project: simulate feature branches, pull requests, code review, conflict resolution, issue tracking, release tags, and contributor documentation.","manual_research_expanded_2026_05_03","2026-05-03T00:00:00+07:00","2026-05-03T00:00:00+07:00"
"Git and GitHub Version Control","junior","GitHub Foundations Certification","https://resources.github.com/learn/certifications/","35","cert","Credential for GitHub basics, repositories, commits, branching, pull requests, collaboration, project management, and platform terminology.","manual_research_expanded_2026_05_03","2026-05-03T00:00:00+07:00","2026-05-03T00:00:00+07:00"
"Git and GitHub Version Control","junior","Pro Git Book","https://git-scm.com/book/en/v2","20","doc","Authoritative free book for Git fundamentals, branching, merging, remotes, rebasing, workflows, internals, and distributed version control concepts.","manual_research_expanded_2026_05_03","2026-05-03T00:00:00+07:00","2026-05-03T00:00:00+07:00"
"IT Asset Inventory and Documentation","junior","Snipe-IT Asset Management Training Resources","https://snipe-it.readme.io/docs","20","course","Documentation-driven learning for tracking assets, licenses, accessories, checkouts, audits, depreciation, and operational inventory workflows.","manual_research_expanded_2026_05_03","2026-05-03T00:00:00+07:00","2026-05-03T00:00:00+07:00"
"IT Asset Inventory and Documentation","junior","IT Asset Register and Lifecycle Project","https://snipe-it.readme.io/docs","25","project","Project: create an asset register, lifecycle states, ownership rules, warranty tracking, software license inventory, audit checklist, and reporting dashboard.","manual_research_expanded_2026_05_03","2026-05-03T00:00:00+07:00","2026-05-03T00:00:00+07:00"
"IT Asset Inventory and Documentation","junior","ITIL 4 Foundation Certification","https://www.peoplecert.org/browse-certifications/it-governance-and-service-management/ITIL-1/itil-4-foundation-2565","50","cert","Entry service management certification covering value streams, service operations, incident/change/problem concepts, service desk, and continual improvement.","manual_research_expanded_2026_05_03","2026-05-03T00:00:00+07:00","2026-05-03T00:00:00+07:00"
"IT Asset Inventory and Documentation","junior","NIST SP 1800-5 IT Asset Management","https://www.nccoe.nist.gov/projects/it-asset-management","18","doc","NIST project guidance for identifying, tracking, and managing IT assets as part of security and operational risk management.","manual_research_expanded_2026_05_03","2026-05-03T00:00:00+07:00","2026-05-03T00:00:00+07:00"
"Cloud Fundamentals Across AWS Azure GCP","junior","AWS Cloud Foundations Learning Plan","https://explore.skillbuilder.aws/learn/public/learning_plan/view/82/cloud-foundations-learning-plan","35","course","AWS foundational cloud learning plan covering core compute, storage, networking, database, security, architecture, and cloud economics concepts.","manual_research_expanded_2026_05_03","2026-05-03T00:00:00+07:00","2026-05-03T00:00:00+07:00"
"Cloud Fundamentals Across AWS Azure GCP","junior","Multi-Cloud Static Website Deployment","https://learn.microsoft.com/en-us/training/paths/azure-fundamentals/","30","project","Project: deploy a simple static website, configure storage, CDN or hosting, DNS, access controls, cost alerts, and compare AWS, Azure, and GCP terms.","manual_research_expanded_2026_05_03","2026-05-03T00:00:00+07:00","2026-05-03T00:00:00+07:00"
"Cloud Fundamentals Across AWS Azure GCP","junior","AWS Certified Cloud Practitioner","https://aws.amazon.com/certification/certified-cloud-practitioner/","60","cert","Foundational AWS certification validating cloud concepts, AWS services, security, architecture, pricing, and basic cloud terminology.","manual_research_expanded_2026_05_03","2026-05-03T00:00:00+07:00","2026-05-03T00:00:00+07:00"
"Cloud Fundamentals Across AWS Azure GCP","junior","Google Cloud Architecture Framework","https://cloud.google.com/architecture/framework","20","doc","Official framework for cloud architecture principles, reliability, operational excellence, security, cost optimization, performance, and system design tradeoffs.","manual_research_expanded_2026_05_03","2026-05-03T00:00:00+07:00","2026-05-03T00:00:00+07:00"
"Excel and Spreadsheet Data Analysis","junior","Microsoft Learn: Analyze Data in Excel","https://learn.microsoft.com/en-us/training/browse/?terms=excel%20data%20analysis","30","course","Excel learning modules for tables, formulas, charts, PivotTables, Power Query basics, data cleaning, and business analysis workflows.","manual_research_expanded_2026_05_03","2026-05-03T00:00:00+07:00","2026-05-03T00:00:00+07:00"
"Excel and Spreadsheet Data Analysis","junior","Operations KPI Workbook Project","https://support.microsoft.com/en-us/excel","30","project","Project: build a KPI workbook with raw data, data validation, lookup formulas, pivot tables, charts, conditional formatting, and monthly reporting tabs.","manual_research_expanded_2026_05_03","2026-05-03T00:00:00+07:00","2026-05-03T00:00:00+07:00"
"Excel and Spreadsheet Data Analysis","junior","Microsoft Office Specialist: Excel Associate","https://learn.microsoft.com/en-us/credentials/certifications/mos-excel-2019/","60","cert","Certification for Excel core features including worksheets, formulas, charts, tables, data management, workbook formatting, and productivity workflows.","manual_research_expanded_2026_05_03","2026-05-03T00:00:00+07:00","2026-05-03T00:00:00+07:00"
"Excel and Spreadsheet Data Analysis","junior","Microsoft Excel Help and Learning","https://support.microsoft.com/en-us/excel","18","doc","Official Excel help for formulas, functions, tables, PivotTables, charts, Power Query, collaboration, templates, and troubleshooting.","manual_research_expanded_2026_05_03","2026-05-03T00:00:00+07:00","2026-05-03T00:00:00+07:00"
"Basic Data Visualization with Dashboards","junior","Microsoft Learn: Get Started with Power BI","https://learn.microsoft.com/en-us/training/powerplatform/power-bi","45","course","Power BI learning modules for importing data, modeling, DAX basics, visuals, dashboards, reports, sharing, and self-service analytics.","manual_research_expanded_2026_05_03","2026-05-03T00:00:00+07:00","2026-05-03T00:00:00+07:00"
"Basic Data Visualization with Dashboards","junior","Executive Dashboard from Public Dataset","https://www.kaggle.com/datasets","40","project","Project: clean a public dataset, define KPIs, build visual pages, add filters, write insights, and present a decision-focused dashboard.","manual_research_expanded_2026_05_03","2026-05-03T00:00:00+07:00","2026-05-03T00:00:00+07:00"
"Basic Data Visualization with Dashboards","junior","Microsoft Certified: Power BI Data Analyst Associate PL-300","https://learn.microsoft.com/en-us/credentials/certifications/data-analyst-associate/","90","cert","Certification validating data preparation, modeling, visualization, analysis, deployment, and maintaining Power BI assets.","manual_research_expanded_2026_05_03","2026-05-03T00:00:00+07:00","2026-05-03T00:00:00+07:00"
"Basic Data Visualization with Dashboards","junior","Power BI Documentation","https://learn.microsoft.com/en-us/power-bi/","30","doc","Official Power BI documentation for data sources, transformations, semantic models, DAX, visuals, administration, sharing, and governance.","manual_research_expanded_2026_05_03","2026-05-03T00:00:00+07:00","2026-05-03T00:00:00+07:00"
"API Consumption and Postman Testing","junior","Postman Academy: API Fundamentals Student Expert","https://academy.postman.com/","20","course","Beginner API course covering HTTP methods, requests, responses, collections, environment variables, authentication, testing, and API workflows.","manual_research_expanded_2026_05_03","2026-05-03T00:00:00+07:00","2026-05-03T00:00:00+07:00"
"API Consumption and Postman Testing","junior","Public API Integration Test Collection","https://learning.postman.com/docs/introduction/overview/","25","project","Project: build a Postman collection for a public API with variables, authentication, schema checks, negative tests, monitors, and documentation.","manual_research_expanded_2026_05_03","2026-05-03T00:00:00+07:00","2026-05-03T00:00:00+07:00"
"API Consumption and Postman Testing","junior","Postman API Fundamentals Student Expert","https://academy.postman.com/path/postman-api-fundamentals-student-expert","20","cert","Credential-style learning path demonstrating core Postman, REST API, request building, environments, tests, and collection documentation.","manual_research_expanded_2026_05_03","2026-05-03T00:00:00+07:00","2026-05-03T00:00:00+07:00"
"API Consumption and Postman Testing","junior","Postman Learning Center","https://learning.postman.com/docs/introduction/overview/","18","doc","Official Postman documentation for API requests, collections, auth, variables, tests, monitors, mock servers, documentation, and collaboration.","manual_research_expanded_2026_05_03","2026-05-03T00:00:00+07:00","2026-05-03T00:00:00+07:00"
"Basic Project Management for IT","junior","Google Project Management Professional Certificate","https://www.coursera.org/professional-certificates/google-project-management","180","course","Beginner project management curriculum covering initiation, planning, execution, Agile, Scrum, stakeholder communication, risk, documentation, and job-ready artifacts.","manual_research_expanded_2026_05_03","2026-05-03T00:00:00+07:00","2026-05-03T00:00:00+07:00"
"Basic Project Management for IT","junior","IT Implementation Project Plan","https://www.pmi.org/learning/library","35","project","Project: create charter, scope, WBS, schedule, RACI, risk register, communication plan, change log, and retrospective for an IT rollout.","manual_research_expanded_2026_05_03","2026-05-03T00:00:00+07:00","2026-05-03T00:00:00+07:00"
"Basic Project Management for IT","junior","Certified Associate in Project Management CAPM","https://www.pmi.org/certifications/certified-associate-capm","80","cert","Entry PMI certification for project management fundamentals, predictive and adaptive approaches, business analysis basics, and project roles.","manual_research_expanded_2026_05_03","2026-05-03T00:00:00+07:00","2026-05-03T00:00:00+07:00"
"Basic Project Management for IT","junior","PMI Standards and Publications","https://www.pmi.org/pmbok-guide-standards","20","doc","PMI reference area for project management standards, PMBOK materials, practice guides, process groups, and professional terminology.","manual_research_expanded_2026_05_03","2026-05-03T00:00:00+07:00","2026-05-03T00:00:00+07:00"
"Digital Accessibility Basics","junior","W3C Digital Accessibility Foundations","https://www.w3.org/WAI/fundamentals/","20","course","Introductory W3C resources on accessible design, disabilities, assistive technologies, inclusive content, WCAG concepts, and web accessibility responsibilities.","manual_research_expanded_2026_05_03","2026-05-03T00:00:00+07:00","2026-05-03T00:00:00+07:00"
"Digital Accessibility Basics","junior","Accessibility Audit of a Web Page","https://www.w3.org/WAI/test-evaluate/","25","project","Project: audit a website for keyboard navigation, headings, forms, color contrast, alt text, labels, ARIA misuse, and create remediation notes.","manual_research_expanded_2026_05_03","2026-05-03T00:00:00+07:00","2026-05-03T00:00:00+07:00"
"Digital Accessibility Basics","junior","IAAP Certified Professional in Accessibility Core Competencies","https://www.accessibilityassociation.org/s/certification","80","cert","Accessibility certification covering disability, accessibility laws, universal design, assistive technologies, WCAG principles, and organizational accessibility practices.","manual_research_expanded_2026_05_03","2026-05-03T00:00:00+07:00","2026-05-03T00:00:00+07:00"
"Digital Accessibility Basics","junior","Web Content Accessibility Guidelines WCAG 2.2","https://www.w3.org/TR/WCAG22/","30","doc","Authoritative W3C accessibility standard defining perceivable, operable, understandable, and robust success criteria for accessible digital content.","manual_research_expanded_2026_05_03","2026-05-03T00:00:00+07:00","2026-05-03T00:00:00+07:00"
"Information Systems Requirements Gathering","junior","Coursera: Information Systems Specialization","https://www.coursera.org/specializations/information-systems","70","course","Information systems course path covering systems thinking, enterprise systems, analysis, data, business processes, and technology-enabled organizational value.","manual_research_expanded_2026_05_03","2026-05-03T00:00:00+07:00","2026-05-03T00:00:00+07:00"
"Information Systems Requirements Gathering","junior","Business Requirements Document for Workflow App","https://www.iiba.org/standards-and-resources/babok/","35","project","Project: interview stakeholders, document personas, pain points, user stories, acceptance criteria, process model, data needs, and nonfunctional requirements.","manual_research_expanded_2026_05_03","2026-05-03T00:00:00+07:00","2026-05-03T00:00:00+07:00"
"Information Systems Requirements Gathering","junior","IIBA Entry Certificate in Business Analysis ECBA","https://www.iiba.org/business-analysis-certifications/ecba/","80","cert","Entry certification for business analysis knowledge, requirements elicitation, analysis, stakeholder engagement, and business process understanding.","manual_research_expanded_2026_05_03","2026-05-03T00:00:00+07:00","2026-05-03T00:00:00+07:00"
"Information Systems Requirements Gathering","junior","IIBA BABOK Guide","https://www.iiba.org/standards-and-resources/babok/","25","doc","Core business analysis reference covering knowledge areas, techniques, requirements lifecycle, strategy analysis, elicitation, and solution evaluation.","manual_research_expanded_2026_05_03","2026-05-03T00:00:00+07:00","2026-05-03T00:00:00+07:00"
"Database Design and Normalization","junior","Stanford Online: Databases Mini Courses","https://online.stanford.edu/courses/soe-ydb-db5-databases","50","course","Database courses covering relational modeling, SQL, constraints, design, normalization, transactions, XML/JSON data, and database application concepts.","manual_research_expanded_2026_05_03","2026-05-03T00:00:00+07:00","2026-05-03T00:00:00+07:00"
"Database Design and Normalization","junior","Normalized Inventory Database Project","https://www.postgresql.org/docs/current/ddl.html","40","project","Project: model entities and relationships, normalize tables, add primary/foreign keys, constraints, indexes, seed data, and write verification queries.","manual_research_expanded_2026_05_03","2026-05-03T00:00:00+07:00","2026-05-03T00:00:00+07:00"
"Database Design and Normalization","junior","Oracle Database SQL Certified Associate","https://education.oracle.com/oracle-database-sql/pexam_1Z0-071","90","cert","SQL certification focused on relational database querying, filtering, joins, aggregation, DDL/DML, subqueries, and database object fundamentals.","manual_research_expanded_2026_05_03","2026-05-03T00:00:00+07:00","2026-05-03T00:00:00+07:00"
"Database Design and Normalization","junior","PostgreSQL DDL Documentation","https://www.postgresql.org/docs/current/ddl.html","25","doc","Official database definition documentation covering schemas, tables, constraints, defaults, generated columns, inheritance, partitioning, and privileges.","manual_research_expanded_2026_05_03","2026-05-03T00:00:00+07:00","2026-05-03T00:00:00+07:00"
"Computer Science Foundations and Algorithms","junior","Harvard CS50x Introduction to Computer Science","https://cs50.harvard.edu/x/","120","course","Introductory CS course covering abstraction, algorithms, data structures, C, Python, SQL, HTML, CSS, JavaScript, memory, and software engineering basics.","manual_research_expanded_2026_05_03","2026-05-03T00:00:00+07:00","2026-05-03T00:00:00+07:00"
"Computer Science Foundations and Algorithms","junior","Algorithms and Data Structures Practice Repository","https://github.com/TheAlgorithms","60","project","Project: implement sorting, searching, recursion, linked lists, trees, hash tables, graphs, and benchmark time/space tradeoffs in a GitHub portfolio.","manual_research_expanded_2026_05_03","2026-05-03T00:00:00+07:00","2026-05-03T00:00:00+07:00"
"Computer Science Foundations and Algorithms","junior","CS50x Verified Certificate","https://www.edx.org/learn/computer-science/harvard-university-cs50-s-introduction-to-computer-science","120","cert","Verified certificate option for completing CS50x problem sets, projects, and final project with graded assessment on edX.","manual_research_expanded_2026_05_03","2026-05-03T00:00:00+07:00","2026-05-03T00:00:00+07:00"
"Computer Science Foundations and Algorithms","junior","ACM/IEEE Computer Science Curricula 2023","https://dl.acm.org/doi/book/10.1145/3664191","20","doc","Academic reference for computer science knowledge areas, curricular outcomes, algorithms, systems, software, data, security, AI, and professional practice.","manual_research_expanded_2026_05_03","2026-05-03T00:00:00+07:00","2026-05-03T00:00:00+07:00"
"AWS Solutions Architecture Design","mid","AWS Skill Builder: Solutions Architect Learning Plan","https://explore.skillbuilder.aws/learn/public/learning_plan/view/104/solutions-architect-learning-plan","80","course","AWS role learning plan for designing resilient, secure, high-performing, cost-optimized architectures using compute, storage, networking, databases, and operations services.","manual_research_expanded_2026_05_03","2026-05-03T00:00:00+07:00","2026-05-03T00:00:00+07:00"
"AWS Solutions Architecture Design","mid","Three-Tier AWS Web Application Architecture","https://docs.aws.amazon.com/wellarchitected/latest/framework/welcome.html","70","project","Project: design and deploy VPC, subnets, ALB, Auto Scaling, RDS, IAM, monitoring, backup, and Well-Architected review notes.","manual_research_expanded_2026_05_03","2026-05-03T00:00:00+07:00","2026-05-03T00:00:00+07:00"
"AWS Solutions Architecture Design","mid","AWS Certified Solutions Architect - Associate","https://aws.amazon.com/certification/certified-solutions-architect-associate/","120","cert","Associate certification validating AWS architecture design across resilience, security, cost optimization, networking, compute, storage, and managed services.","manual_research_expanded_2026_05_03","2026-05-03T00:00:00+07:00","2026-05-03T00:00:00+07:00"
"AWS Solutions Architecture Design","mid","AWS Well-Architected Framework","https://docs.aws.amazon.com/wellarchitected/latest/framework/welcome.html","30","doc","Official design framework covering operational excellence, security, reliability, performance efficiency, cost optimization, and sustainability.","manual_research_expanded_2026_05_03","2026-05-03T00:00:00+07:00","2026-05-03T00:00:00+07:00"
"Azure Administrator Operations","mid","Microsoft Learn: Azure Administrator","https://learn.microsoft.com/en-us/training/paths/az-104-administrator-prerequisites/","70","course","Azure administrator path for identities, governance, storage, compute, virtual networking, backup, monitoring, and operational management.","manual_research_expanded_2026_05_03","2026-05-03T00:00:00+07:00","2026-05-03T00:00:00+07:00"
"Azure Administrator Operations","mid","Azure Landing Zone Operations Lab","https://learn.microsoft.com/en-us/azure/cloud-adoption-framework/ready/landing-zone/","70","project","Project: create resource groups, RBAC, policies, VNet, NSGs, VM, storage, backups, monitoring alerts, budgets, and operational documentation.","manual_research_expanded_2026_05_03","2026-05-03T00:00:00+07:00","2026-05-03T00:00:00+07:00"
"Azure Administrator Operations","mid","Microsoft Certified: Azure Administrator Associate AZ-104","https://learn.microsoft.com/en-us/credentials/certifications/azure-administrator/","100","cert","Certification for implementing, managing, and monitoring Azure identity, governance, storage, compute, virtual networks, and backup resources.","manual_research_expanded_2026_05_03","2026-05-03T00:00:00+07:00","2026-05-03T00:00:00+07:00"
"Azure Administrator Operations","mid","Azure Cloud Adoption Framework","https://learn.microsoft.com/en-us/azure/cloud-adoption-framework/","30","doc","Microsoft framework for cloud strategy, planning, landing zones, governance, management, security, migration, and operational adoption.","manual_research_expanded_2026_05_03","2026-05-03T00:00:00+07:00","2026-05-03T00:00:00+07:00"
"Google Cloud Engineering","mid","Google Cloud Skills Boost: Cloud Engineer Learning Path","https://www.cloudskillsboost.google/paths/11","70","course","Google Cloud path for Compute Engine, IAM, VPC, Kubernetes, storage, monitoring, deployment, and cloud engineering operations.","manual_research_expanded_2026_05_03","2026-05-03T00:00:00+07:00","2026-05-03T00:00:00+07:00"
"Google Cloud Engineering","mid","GCP Secure Web App Deployment","https://cloud.google.com/docs","60","project","Project: deploy a web application using IAM, VPC, load balancing, Cloud SQL, Cloud Run or GKE, logging, monitoring, and budgets.","manual_research_expanded_2026_05_03","2026-05-03T00:00:00+07:00","2026-05-03T00:00:00+07:00"
"Google Cloud Engineering","mid","Google Associate Cloud Engineer","https://cloud.google.com/learn/certification/cloud-engineer","100","cert","Certification for deploying applications, managing enterprise cloud projects, configuring access, services, networking, and monitoring Google Cloud resources.","manual_research_expanded_2026_05_03","2026-05-03T00:00:00+07:00","2026-05-03T00:00:00+07:00"
"Google Cloud Engineering","mid","Google Cloud Documentation","https://cloud.google.com/docs","30","doc","Official Google Cloud docs for compute, networking, IAM, databases, analytics, AI, operations, security, and architecture patterns.","manual_research_expanded_2026_05_03","2026-05-03T00:00:00+07:00","2026-05-03T00:00:00+07:00"
"Docker Containerization","mid","Docker Training: Get Started","https://docs.docker.com/get-started/","25","course","Docker official learning materials covering images, containers, Dockerfiles, volumes, networks, Compose, registries, and containerized development.","manual_research_expanded_2026_05_03","2026-05-03T00:00:00+07:00","2026-05-03T00:00:00+07:00"
"Docker Containerization","mid","Containerize a Multi-Service Application","https://docs.docker.com/compose/","45","project","Project: write Dockerfiles, compose services, environment variables, networks, volumes, health checks, image tags, registry pushes, and local dev workflow.","manual_research_expanded_2026_05_03","2026-05-03T00:00:00+07:00","2026-05-03T00:00:00+07:00"
"Docker Containerization","mid","Docker Certified Associate Reference","https://training.mirantis.com/certification/dca-certification-exam/","90","cert","Container certification reference for Docker/Mirantis ecosystem skills, image creation, orchestration basics, networking, storage, security, and operations.","manual_research_expanded_2026_05_03","2026-05-03T00:00:00+07:00","2026-05-03T00:00:00+07:00"
"Docker Containerization","mid","Docker Documentation","https://docs.docker.com/","25","doc","Official Docker reference for engine, CLI, Compose, build, registries, security, storage, networking, and deployment workflows.","manual_research_expanded_2026_05_03","2026-05-03T00:00:00+07:00","2026-05-03T00:00:00+07:00"
"Kubernetes Cluster Administration","mid","Linux Foundation Kubernetes Fundamentals LFS258","https://training.linuxfoundation.org/training/kubernetes-fundamentals/","80","course","Kubernetes course covering cluster architecture, installation, workloads, scheduling, services, networking, storage, troubleshooting, and operational concepts.","manual_research_expanded_2026_05_03","2026-05-03T00:00:00+07:00","2026-05-03T00:00:00+07:00"
"Kubernetes Cluster Administration","mid","Kubernetes Homelab Cluster Operations","https://kubernetes.io/docs/tutorials/","80","project","Project: build a cluster, deploy workloads, services, ingress, persistent storage, RBAC, autoscaling, monitoring, backups, and troubleshooting runbooks.","manual_research_expanded_2026_05_03","2026-05-03T00:00:00+07:00","2026-05-03T00:00:00+07:00"
"Kubernetes Cluster Administration","mid","Certified Kubernetes Administrator CKA","https://training.linuxfoundation.org/certification/certified-kubernetes-administrator-cka/","120","cert","Performance-based certification for Kubernetes administration, workloads, scheduling, services, networking, storage, troubleshooting, and cluster maintenance.","manual_research_expanded_2026_05_03","2026-05-03T00:00:00+07:00","2026-05-03T00:00:00+07:00"
"Kubernetes Cluster Administration","mid","Kubernetes Documentation","https://kubernetes.io/docs/home/","35","doc","Official Kubernetes docs for concepts, tasks, tutorials, reference, API objects, cluster administration, workloads, services, and security.","manual_research_expanded_2026_05_03","2026-05-03T00:00:00+07:00","2026-05-03T00:00:00+07:00"
"CI CD Pipeline Engineering","mid","GitHub Actions Learning Path","https://docs.github.com/en/actions","35","course","Official GitHub Actions docs and tutorials for workflows, events, jobs, runners, secrets, environments, artifacts, deployment, and automation.","manual_research_expanded_2026_05_03","2026-05-03T00:00:00+07:00","2026-05-03T00:00:00+07:00"
"CI CD Pipeline Engineering","mid","Full CI/CD Pipeline with Tests and Deployment","https://github.com/actions/starter-workflows","55","project","Project: automate linting, tests, build, container image publishing, security scan, staging deployment, approval gates, and release notes.","manual_research_expanded_2026_05_03","2026-05-03T00:00:00+07:00","2026-05-03T00:00:00+07:00"
"CI CD Pipeline Engineering","mid","GitHub Actions Certification","https://resources.github.com/learn/certifications/","60","cert","Certification for GitHub Actions workflow design, automation, CI/CD concepts, runners, security, marketplace actions, and deployment practices.","manual_research_expanded_2026_05_03","2026-05-03T00:00:00+07:00","2026-05-03T00:00:00+07:00"
"CI CD Pipeline Engineering","mid","GitHub Actions Documentation","https://docs.github.com/en/actions","25","doc","Official reference for workflow syntax, contexts, expressions, reusable workflows, secrets, caching, artifacts, runners, and deployment protection rules.","manual_research_expanded_2026_05_03","2026-05-03T00:00:00+07:00","2026-05-03T00:00:00+07:00"
"DevOps Culture and Toolchain Practices","mid","Microsoft Learn: DevOps Foundations","https://learn.microsoft.com/en-us/training/browse/?terms=devops","40","course","Learning modules covering DevOps principles, source control, CI/CD, infrastructure as code, testing, observability, collaboration, and release practices.","manual_research_expanded_2026_05_03","2026-05-03T00:00:00+07:00","2026-05-03T00:00:00+07:00"
"DevOps Culture and Toolchain Practices","mid","DevOps Maturity Assessment and Improvement Plan","https://learn.microsoft.com/en-us/devops/","35","project","Project: map current delivery flow, bottlenecks, deployment frequency, lead time, change failure rate, rollback steps, and a practical improvement roadmap.","manual_research_expanded_2026_05_03","2026-05-03T00:00:00+07:00","2026-05-03T00:00:00+07:00"
"DevOps Culture and Toolchain Practices","mid","Microsoft Certified: DevOps Engineer Expert","https://learn.microsoft.com/en-us/credentials/certifications/devops-engineer/","120","cert","Expert credential for designing and implementing DevOps practices with source control, CI/CD, security, compliance, instrumentation, and collaboration.","manual_research_expanded_2026_05_03","2026-05-03T00:00:00+07:00","2026-05-03T00:00:00+07:00"
"DevOps Culture and Toolchain Practices","mid","Azure DevOps Documentation","https://learn.microsoft.com/en-us/azure/devops/","25","doc","Official docs for repos, pipelines, boards, artifacts, test plans, permissions, integrations, and DevOps project administration.","manual_research_expanded_2026_05_03","2026-05-03T00:00:00+07:00","2026-05-03T00:00:00+07:00"
"Infrastructure as Code with Terraform","mid","HashiCorp Learn: Terraform","https://developer.hashicorp.com/terraform/tutorials","50","course","Terraform tutorials for providers, resources, variables, modules, state, workspaces, cloud backends, policy, and infrastructure automation workflows.","manual_research_expanded_2026_05_03","2026-05-03T00:00:00+07:00","2026-05-03T00:00:00+07:00"
"Infrastructure as Code with Terraform","mid","Terraform Multi-Environment Cloud Foundation","https://developer.hashicorp.com/terraform/tutorials","65","project","Project: build reusable modules for network, compute, database, IAM, environments, remote state, validation, plan review, and drift detection.","manual_research_expanded_2026_05_03","2026-05-03T00:00:00+07:00","2026-05-03T00:00:00+07:00"
"Infrastructure as Code with Terraform","mid","HashiCorp Certified: Terraform Associate","https://developer.hashicorp.com/terraform/certifications","80","cert","Certification validating infrastructure as code concepts, Terraform CLI, configuration, modules, state, cloud workflows, providers, and basic automation.","manual_research_expanded_2026_05_03","2026-05-03T00:00:00+07:00","2026-05-03T00:00:00+07:00"
"Infrastructure as Code with Terraform","mid","Terraform Language Documentation","https://developer.hashicorp.com/terraform/language","30","doc","Official Terraform language reference for configuration syntax, expressions, variables, outputs, modules, state, providers, functions, and meta-arguments.","manual_research_expanded_2026_05_03","2026-05-03T00:00:00+07:00","2026-05-03T00:00:00+07:00"
"Configuration Management with Ansible","mid","Red Hat Ansible Automation Platform Learning","https://www.redhat.com/en/technologies/management/ansible/learning","45","course","Ansible learning resources for inventories, playbooks, modules, roles, variables, templates, automation controller, and repeatable IT operations.","manual_research_expanded_2026_05_03","2026-05-03T00:00:00+07:00","2026-05-03T00:00:00+07:00"
"Configuration Management with Ansible","mid","Server Hardening Ansible Playbook Project","https://docs.ansible.com/ansible/latest/getting_started/index.html","50","project","Project: automate Linux baseline, users, packages, SSH, firewall, logging, cron, service configuration, idempotency checks, and README documentation.","manual_research_expanded_2026_05_03","2026-05-03T00:00:00+07:00","2026-05-03T00:00:00+07:00"
"Configuration Management with Ansible","mid","Red Hat Certified Specialist in Ansible Automation","https://www.redhat.com/en/services/certification/rhcs-ansible-automation","100","cert","Certification for automating system administration tasks, playbooks, roles, variables, task control, templates, and Ansible best practices.","manual_research_expanded_2026_05_03","2026-05-03T00:00:00+07:00","2026-05-03T00:00:00+07:00"
"Configuration Management with Ansible","mid","Ansible Documentation","https://docs.ansible.com/ansible/latest/","30","doc","Official Ansible docs for installation, inventories, playbooks, modules, roles, collections, vault, variables, and automation patterns.","manual_research_expanded_2026_05_03","2026-05-03T00:00:00+07:00","2026-05-03T00:00:00+07:00"
"Application Security Testing OWASP","mid","PortSwigger Web Security Academy","https://portswigger.net/web-security","80","course","Free hands-on web security training covering authentication, access control, injection, XSS, SSRF, deserialization, APIs, and practical labs.","manual_research_expanded_2026_05_03","2026-05-03T00:00:00+07:00","2026-05-03T00:00:00+07:00"
"Application Security Testing OWASP","mid","OWASP Juice Shop Secure Remediation Project","https://owasp.org/www-project-juice-shop/","60","project","Project: legally exploit and remediate a vulnerable app, document findings, severity, reproduction steps, fix guidance, and verification tests.","manual_research_expanded_2026_05_03","2026-05-03T00:00:00+07:00","2026-05-03T00:00:00+07:00"
"Application Security Testing OWASP","mid","GIAC Web Application Penetration Tester GWAPT","https://www.giac.org/certifications/web-application-penetration-tester-gwapt/","120","cert","Professional web app security certification covering reconnaissance, authentication attacks, injection, XSS, session management, tools, and reporting.","manual_research_expanded_2026_05_03","2026-05-03T00:00:00+07:00","2026-05-03T00:00:00+07:00"
"Application Security Testing OWASP","mid","OWASP Top 10","https://owasp.org/www-project-top-ten/","25","doc","Industry reference for critical web application security risks including access control, cryptographic failures, injection, insecure design, and misconfiguration.","manual_research_expanded_2026_05_03","2026-05-03T00:00:00+07:00","2026-05-03T00:00:00+07:00"
"SOC Alert Triage and SIEM Analysis","mid","Microsoft Sentinel Learning Path","https://learn.microsoft.com/en-us/training/paths/sc-200-mitigate-threats-using-microsoft-sentinel/","50","course","Security operations training for Microsoft Sentinel, KQL, analytics rules, incidents, automation, threat hunting, and response workflows.","manual_research_expanded_2026_05_03","2026-05-03T00:00:00+07:00","2026-05-03T00:00:00+07:00"
"SOC Alert Triage and SIEM Analysis","mid","SOC Detection Lab with Public Logs","https://attack.mitre.org/","60","project","Project: ingest sample logs, write detections, map alerts to MITRE ATT&CK, triage incidents, create playbooks, and summarize false positives.","manual_research_expanded_2026_05_03","2026-05-03T00:00:00+07:00","2026-05-03T00:00:00+07:00"
"SOC Alert Triage and SIEM Analysis","mid","CompTIA CySA+ Certification","https://www.comptia.org/en/certifications/cybersecurity-analyst/","120","cert","Certification for security monitoring, detection, incident response, vulnerability management, threat intelligence, reporting, and analyst workflows.","manual_research_expanded_2026_05_03","2026-05-03T00:00:00+07:00","2026-05-03T00:00:00+07:00"
"SOC Alert Triage and SIEM Analysis","mid","MITRE ATT&CK Knowledge Base","https://attack.mitre.org/","30","doc","Public knowledge base of adversary tactics, techniques, procedures, mitigations, detections, campaigns, software, groups, and enterprise matrices.","manual_research_expanded_2026_05_03","2026-05-03T00:00:00+07:00","2026-05-03T00:00:00+07:00"
"Incident Response Playbook Development","mid","IBM Cybersecurity Analyst Professional Certificate","https://www.coursera.org/professional-certificates/ibm-cybersecurity-analyst","150","course","Cybersecurity analyst curriculum covering threat intelligence, network security, endpoint security, SIEM, incident response, and case investigations.","manual_research_expanded_2026_05_03","2026-05-03T00:00:00+07:00","2026-05-03T00:00:00+07:00"
"Incident Response Playbook Development","mid","Ransomware Incident Response Tabletop","https://www.cisa.gov/resources-tools/resources/cisa-tabletop-exercise-packages","45","project","Project: develop incident roles, severity matrix, communications, containment steps, evidence handling, recovery plan, and tabletop exercise after-action report.","manual_research_expanded_2026_05_03","2026-05-03T00:00:00+07:00","2026-05-03T00:00:00+07:00"
"Incident Response Playbook Development","mid","GIAC Certified Incident Handler GCIH","https://www.giac.org/certifications/certified-incident-handler-gcih/","120","cert","Incident handling certification covering attacker techniques, detection, response, containment, eradication, recovery, and incident process execution.","manual_research_expanded_2026_05_03","2026-05-03T00:00:00+07:00","2026-05-03T00:00:00+07:00"
"Incident Response Playbook Development","mid","NIST SP 800-61 Computer Security Incident Handling Guide","https://csrc.nist.gov/pubs/sp/800/61/r2/final","30","doc","NIST incident handling guide covering preparation, detection, analysis, containment, eradication, recovery, and post-incident activity.","manual_research_expanded_2026_05_03","2026-05-03T00:00:00+07:00","2026-05-03T00:00:00+07:00"
"Vulnerability Management Operations","mid","Qualys Vulnerability Management Training","https://www.qualys.com/training/","35","course","Vendor training resources for vulnerability scanning, asset discovery, prioritization, reporting, remediation workflows, and continuous vulnerability management.","manual_research_expanded_2026_05_03","2026-05-03T00:00:00+07:00","2026-05-03T00:00:00+07:00"
"Vulnerability Management Operations","mid","Enterprise Vulnerability Remediation Dashboard","https://www.cisa.gov/known-exploited-vulnerabilities-catalog","45","project","Project: combine asset inventory, scanner findings, KEV catalog, risk ranking, remediation SLAs, exception tracking, and executive dashboard.","manual_research_expanded_2026_05_03","2026-05-03T00:00:00+07:00","2026-05-03T00:00:00+07:00"
"Vulnerability Management Operations","mid","CompTIA SecurityX Certification","https://www.comptia.org/en/certifications/securityx/","140","cert","Advanced certification for security architecture, operations, engineering, governance, risk, vulnerability management, and enterprise security decision-making.","manual_research_expanded_2026_05_03","2026-05-03T00:00:00+07:00","2026-05-03T00:00:00+07:00"
"Vulnerability Management Operations","mid","CISA Known Exploited Vulnerabilities Catalog","https://www.cisa.gov/known-exploited-vulnerabilities-catalog","18","doc","Official catalog of exploited vulnerabilities useful for prioritization, patch urgency, risk-based remediation, and vulnerability management reporting.","manual_research_expanded_2026_05_03","2026-05-03T00:00:00+07:00","2026-05-03T00:00:00+07:00"
"Data Engineering with Python and SQL","mid","Data Engineering Zoomcamp","https://github.com/DataTalksClub/data-engineering-zoomcamp","120","course","Project-based open course covering Docker, SQL, GCP, Terraform, data warehouses, orchestration, batch pipelines, streaming, and analytics engineering.","manual_research_expanded_2026_05_03","2026-05-03T00:00:00+07:00","2026-05-03T00:00:00+07:00"
"Data Engineering with Python and SQL","mid","Batch Data Pipeline and Warehouse Project","https://airflow.apache.org/docs/apache-airflow/stable/tutorial/index.html","80","project","Project: ingest APIs or CSVs, validate schemas, transform data, load warehouse tables, orchestrate DAGs, test data quality, and document lineage.","manual_research_expanded_2026_05_03","2026-05-03T00:00:00+07:00","2026-05-03T00:00:00+07:00"
"Data Engineering with Python and SQL","mid","Google Professional Data Engineer","https://cloud.google.com/learn/certification/data-engineer","140","cert","Professional certification for designing, building, operationalizing, securing, and optimizing data processing systems on Google Cloud.","manual_research_expanded_2026_05_03","2026-05-03T00:00:00+07:00","2026-05-03T00:00:00+07:00"
"Data Engineering with Python and SQL","mid","Apache Airflow Documentation","https://airflow.apache.org/docs/apache-airflow/stable/","35","doc","Official documentation for DAG authoring, scheduling, operators, sensors, connections, variables, executors, monitoring, and workflow orchestration.","manual_research_expanded_2026_05_03","2026-05-03T00:00:00+07:00","2026-05-03T00:00:00+07:00"
"Business Intelligence Semantic Modeling","mid","Microsoft Learn: Model Data in Power BI","https://learn.microsoft.com/en-us/training/paths/model-power-bi/","45","course","Power BI modeling path for star schemas, relationships, DAX calculations, measures, optimization, hierarchies, and reusable semantic models.","manual_research_expanded_2026_05_03","2026-05-03T00:00:00+07:00","2026-05-03T00:00:00+07:00"
"Business Intelligence Semantic Modeling","mid","Star Schema Sales Analytics Model","https://learn.microsoft.com/en-us/power-bi/guidance/star-schema","50","project","Project: design fact and dimension tables, define measures, create a semantic model, validate totals, and document business definitions.","manual_research_expanded_2026_05_03","2026-05-03T00:00:00+07:00","2026-05-03T00:00:00+07:00"
"Business Intelligence Semantic Modeling","mid","Microsoft Certified: Power BI Data Analyst Associate PL-300","https://learn.microsoft.com/en-us/credentials/certifications/data-analyst-associate/","90","cert","Credential validating data preparation, semantic modeling, visualization, DAX, report deployment, governance, and Power BI analysis workflows.","manual_research_expanded_2026_05_03","2026-05-03T00:00:00+07:00","2026-05-03T00:00:00+07:00"
"Business Intelligence Semantic Modeling","mid","Power BI Star Schema Guidance","https://learn.microsoft.com/en-us/power-bi/guidance/star-schema","20","doc","Microsoft guidance for dimensional modeling, fact tables, dimension tables, relationships, filter propagation, and Power BI model design.","manual_research_expanded_2026_05_03","2026-05-03T00:00:00+07:00","2026-05-03T00:00:00+07:00"
"Machine Learning Model Development","mid","Machine Learning Specialization by DeepLearning.AI and Stanford","https://www.coursera.org/specializations/machine-learning-introduction","90","course","Introductory-to-mid ML specialization covering supervised learning, unsupervised learning, neural networks, decision trees, recommender systems, and practical model evaluation.","manual_research_expanded_2026_05_03","2026-05-03T00:00:00+07:00","2026-05-03T00:00:00+07:00"
"Machine Learning Model Development","mid","End-to-End ML Classification Project","https://scikit-learn.org/stable/tutorial/index.html","70","project","Project: frame problem, prepare data, train models, tune hyperparameters, evaluate metrics, interpret results, package pipeline, and write model card.","manual_research_expanded_2026_05_03","2026-05-03T00:00:00+07:00","2026-05-03T00:00:00+07:00"
"Machine Learning Model Development","mid","TensorFlow Developer Certificate Information","https://www.tensorflow.org/certificate","100","cert","Credential-oriented pathway for building TensorFlow models, image/text/time-series tasks, neural networks, and production-aware ML practice.","manual_research_expanded_2026_05_03","2026-05-03T00:00:00+07:00","2026-05-03T00:00:00+07:00"
"Machine Learning Model Development","mid","scikit-learn User Guide","https://scikit-learn.org/stable/user_guide.html","35","doc","Official machine learning documentation for preprocessing, model selection, supervised/unsupervised algorithms, pipelines, metrics, and examples.","manual_research_expanded_2026_05_03","2026-05-03T00:00:00+07:00","2026-05-03T00:00:00+07:00"
"UX Research and Usability Testing","mid","Google UX Design Professional Certificate","https://www.coursera.org/professional-certificates/google-ux-design","180","course","UX certificate covering user research, personas, journey maps, wireframes, prototypes, usability testing, design systems, and portfolio projects.","manual_research_expanded_2026_05_03","2026-05-03T00:00:00+07:00","2026-05-03T00:00:00+07:00"
"UX Research and Usability Testing","mid","Moderated Usability Study for a SaaS Flow","https://www.nngroup.com/articles/usability-testing-101/","45","project","Project: define research goals, recruit users, write tasks, moderate sessions, synthesize findings, prioritize issues, and propose design changes.","manual_research_expanded_2026_05_03","2026-05-03T00:00:00+07:00","2026-05-03T00:00:00+07:00"
"UX Research and Usability Testing","mid","NN/g UX Certification","https://www.nngroup.com/ux-certification/","100","cert","Professional UX credential based on Nielsen Norman Group courses and exams across research, interaction design, usability, and UX management.","manual_research_expanded_2026_05_03","2026-05-03T00:00:00+07:00","2026-05-03T00:00:00+07:00"
"UX Research and Usability Testing","mid","Nielsen Norman Group UX Articles","https://www.nngroup.com/articles/","25","doc","Research-backed UX articles on usability testing, information architecture, interaction design, accessibility, research methods, and UX strategy.","manual_research_expanded_2026_05_03","2026-05-03T00:00:00+07:00","2026-05-03T00:00:00+07:00"
"Information Architecture for Websites","mid","Interaction Design Foundation: Information Visualization and IA","https://www.interaction-design.org/courses","60","course","UX course catalog covering information architecture, interaction design, usability, user research, design thinking, and visualization topics.","manual_research_expanded_2026_05_03","2026-05-03T00:00:00+07:00","2026-05-03T00:00:00+07:00"
"Information Architecture for Websites","mid","Card Sorting and Sitemap Redesign Project","https://www.nngroup.com/articles/card-sorting-definition/","40","project","Project: run open/closed card sort, analyze grouping, produce sitemap, navigation labels, content inventory, and usability validation plan.","manual_research_expanded_2026_05_03","2026-05-03T00:00:00+07:00","2026-05-03T00:00:00+07:00"
"Information Architecture for Websites","mid","Certified Usability Analyst CUA","https://www.humanfactors.com/training/cua.asp","100","cert","UX certification track addressing user-centered analysis, usability, interaction design, information architecture, and evaluation methods.","manual_research_expanded_2026_05_03","2026-05-03T00:00:00+07:00","2026-05-03T00:00:00+07:00"
"Information Architecture for Websites","mid","Usability.gov Information Architecture Basics","https://www.usability.gov/what-and-why/information-architecture.html","12","doc","Government reference on organizing, structuring, and labeling content to help users find information and complete tasks effectively.","manual_research_expanded_2026_05_03","2026-05-03T00:00:00+07:00","2026-05-03T00:00:00+07:00"
"Business Process Modeling BPMN","mid","Camunda Academy: BPMN for Business Analysts","https://academy.camunda.com/","25","course","BPMN and process automation learning for modeling workflows, events, gateways, tasks, collaboration, and executable process thinking.","manual_research_expanded_2026_05_03","2026-05-03T00:00:00+07:00","2026-05-03T00:00:00+07:00"
"Business Process Modeling BPMN","mid","Order-to-Cash BPMN Improvement Project","https://www.omg.org/spec/BPMN/","45","project","Project: map current process, identify delays and handoffs, create BPMN diagrams, define KPIs, propose automation, and estimate improvement impact.","manual_research_expanded_2026_05_03","2026-05-03T00:00:00+07:00","2026-05-03T00:00:00+07:00"
"Business Process Modeling BPMN","mid","OMG Certified Expert in BPM OCEB 2","https://www.omg.org/oceb-2/","90","cert","Business process management certification for BPMN, process modeling, business motivation, governance, metrics, and enterprise process improvement.","manual_research_expanded_2026_05_03","2026-05-03T00:00:00+07:00","2026-05-03T00:00:00+07:00"
"Business Process Modeling BPMN","mid","BPMN 2.0 Specification","https://www.omg.org/spec/BPMN/2.0/","25","doc","Official BPMN standard defining notation, diagrams, tasks, events, gateways, choreography, collaboration, and process semantics.","manual_research_expanded_2026_05_03","2026-05-03T00:00:00+07:00","2026-05-03T00:00:00+07:00"
"IT Service Management Incident Change Problem","mid","ITIL 4 Foundation Training","https://www.axelos.com/certifications/itil-service-management/itil-4-foundation","40","course","ITIL learning for service value system, incident, problem, change enablement, service desk, continual improvement, and service management principles.","manual_research_expanded_2026_05_03","2026-05-03T00:00:00+07:00","2026-05-03T00:00:00+07:00"
"IT Service Management Incident Change Problem","mid","Service Desk SLA and Change Workflow Project","https://www.atlassian.com/itsm","35","project","Project: define incident categories, SLA metrics, change calendar, CAB criteria, problem RCA template, knowledge articles, and dashboard measures.","manual_research_expanded_2026_05_03","2026-05-03T00:00:00+07:00","2026-05-03T00:00:00+07:00"
"IT Service Management Incident Change Problem","mid","ITIL 4 Foundation Certification","https://www.peoplecert.org/browse-certifications/it-governance-and-service-management/ITIL-1/itil-4-foundation-2565","50","cert","Widely used service management certification introducing ITIL concepts, practices, value streams, service relationships, and continual improvement.","manual_research_expanded_2026_05_03","2026-05-03T00:00:00+07:00","2026-05-03T00:00:00+07:00"
"IT Service Management Incident Change Problem","mid","Atlassian ITSM Guide","https://www.atlassian.com/itsm","18","doc","Practical ITSM reference for incident management, problem management, change management, service request management, assets, and service desk processes.","manual_research_expanded_2026_05_03","2026-05-03T00:00:00+07:00","2026-05-03T00:00:00+07:00"
"Enterprise Architecture with TOGAF","senior","TOGAF Enterprise Architecture Training","https://www.opengroup.org/certifications/togaf","80","course","Enterprise architecture learning for ADM, architecture domains, governance, capability planning, standards, roadmaps, stakeholder concerns, and architecture repository.","manual_research_expanded_2026_05_03","2026-05-03T00:00:00+07:00","2026-05-03T00:00:00+07:00"
"Enterprise Architecture with TOGAF","senior","Enterprise Capability Map and Target Architecture","https://pubs.opengroup.org/togaf-standard/","80","project","Project: create capability map, current-state app/data/technology views, target architecture, gap analysis, transition roadmap, and governance checkpoints.","manual_research_expanded_2026_05_03","2026-05-03T00:00:00+07:00","2026-05-03T00:00:00+07:00"
"Enterprise Architecture with TOGAF","senior","TOGAF Enterprise Architecture Certification","https://www.opengroup.org/certifications/togaf","120","cert","Certification for applying The Open Group Architecture Framework, ADM, architecture content, governance, migration planning, and enterprise architecture practice.","manual_research_expanded_2026_05_03","2026-05-03T00:00:00+07:00","2026-05-03T00:00:00+07:00"
"Enterprise Architecture with TOGAF","senior","TOGAF Standard","https://pubs.opengroup.org/togaf-standard/","40","doc","Official TOGAF standard documentation for architecture development method, enterprise architecture capabilities, content framework, governance, and guidance.","manual_research_expanded_2026_05_03","2026-05-03T00:00:00+07:00","2026-05-03T00:00:00+07:00"
"IT Governance COBIT and Controls","senior","ISACA COBIT Foundation Training","https://www.isaca.org/credentialing/cobit/cobit-foundation","60","course","Governance training covering COBIT framework principles, governance objectives, management objectives, performance management, process capability, and enterprise IT alignment.","manual_research_expanded_2026_05_03","2026-05-03T00:00:00+07:00","2026-05-03T00:00:00+07:00"
"IT Governance COBIT and Controls","senior","IT Governance Control Matrix Project","https://www.isaca.org/resources/cobit","70","project","Project: map IT objectives to governance components, define control owners, metrics, risks, maturity targets, evidence, and improvement roadmap.","manual_research_expanded_2026_05_03","2026-05-03T00:00:00+07:00","2026-05-03T00:00:00+07:00"
"IT Governance COBIT and Controls","senior","COBIT Foundation Certificate","https://www.isaca.org/credentialing/cobit/cobit-foundation","80","cert","Credential validating knowledge of COBIT governance system, framework principles, components, design factors, implementation, and performance management.","manual_research_expanded_2026_05_03","2026-05-03T00:00:00+07:00","2026-05-03T00:00:00+07:00"
"IT Governance COBIT and Controls","senior","COBIT Resources","https://www.isaca.org/resources/cobit","30","doc","ISACA COBIT resource hub for governance of enterprise IT, objectives, framework guidance, implementation aids, and alignment materials.","manual_research_expanded_2026_05_03","2026-05-03T00:00:00+07:00","2026-05-03T00:00:00+07:00"
"Security Governance Risk and Compliance","senior","SANS SEC566 Security Control Implementation and Audit","https://www.sans.org/cyber-security-courses/implementing-auditing-security-frameworks-controls/","80","course","Advanced course for implementing and auditing security controls across frameworks, risk management, control testing, evidence, and security program maturity.","manual_research_expanded_2026_05_03","2026-05-03T00:00:00+07:00","2026-05-03T00:00:00+07:00"
"Security Governance Risk and Compliance","senior","NIST CSF 2.0 Risk Register and Control Profile","https://www.nist.gov/cyberframework","70","project","Project: create current/target CSF profile, risk register, control mapping, maturity assessment, implementation plan, and executive cyber risk narrative.","manual_research_expanded_2026_05_03","2026-05-03T00:00:00+07:00","2026-05-03T00:00:00+07:00"
"Security Governance Risk and Compliance","senior","ISACA Certified in Risk and Information Systems Control CRISC","https://www.isaca.org/credentialing/crisc","150","cert","Senior risk certification for IT risk identification, assessment, response, monitoring, controls, governance, and enterprise risk alignment.","manual_research_expanded_2026_05_03","2026-05-03T00:00:00+07:00","2026-05-03T00:00:00+07:00"
"Security Governance Risk and Compliance","senior","NIST Cybersecurity Framework 2.0","https://www.nist.gov/cyberframework","35","doc","NIST framework for managing cybersecurity risk using Govern, Identify, Protect, Detect, Respond, Recover outcomes, profiles, tiers, and references.","manual_research_expanded_2026_05_03","2026-05-03T00:00:00+07:00","2026-05-03T00:00:00+07:00"
"Cloud Security Architecture","senior","AWS Security Learning Plan","https://explore.skillbuilder.aws/learn/public/learning_plan/view/91/security-learning-plan","70","course","AWS security learning path for IAM, detection, infrastructure protection, data protection, incident response, compliance, and security architecture.","manual_research_expanded_2026_05_03","2026-05-03T00:00:00+07:00","2026-05-03T00:00:00+07:00"
"Cloud Security Architecture","senior","Cloud Security Reference Architecture Project","https://docs.aws.amazon.com/prescriptive-guidance/latest/security-reference-architecture/welcome.html","90","project","Project: design multi-account landing zone security, identity, network segmentation, logging, key management, detection, incident response, and compliance guardrails.","manual_research_expanded_2026_05_03","2026-05-03T00:00:00+07:00","2026-05-03T00:00:00+07:00"
"Cloud Security Architecture","senior","AWS Certified Security - Specialty","https://aws.amazon.com/certification/certified-security-specialty/","140","cert","Specialty certification validating AWS security architecture, threat detection, data protection, infrastructure security, identity, incident response, and governance.","manual_research_expanded_2026_05_03","2026-05-03T00:00:00+07:00","2026-05-03T00:00:00+07:00"
"Cloud Security Architecture","senior","AWS Security Reference Architecture","https://docs.aws.amazon.com/prescriptive-guidance/latest/security-reference-architecture/welcome.html","35","doc","Official AWS guidance for designing account structure, centralized security services, detective controls, IAM, logging, data protection, and governance.","manual_research_expanded_2026_05_03","2026-05-03T00:00:00+07:00","2026-05-03T00:00:00+07:00"
"Zero Trust Architecture","senior","Microsoft Learn: Zero Trust Guidance","https://learn.microsoft.com/en-us/security/zero-trust/","40","course","Zero Trust learning and guidance around verify explicitly, least privilege, assume breach, identity, endpoints, apps, data, infrastructure, and networks.","manual_research_expanded_2026_05_03","2026-05-03T00:00:00+07:00","2026-05-03T00:00:00+07:00"
"Zero Trust Architecture","senior","Zero Trust Roadmap for Hybrid Enterprise","https://www.nist.gov/publications/zero-trust-architecture","70","project","Project: assess identity, device, network, application, data, visibility gaps; design phased Zero Trust controls and measurable adoption roadmap.","manual_research_expanded_2026_05_03","2026-05-03T00:00:00+07:00","2026-05-03T00:00:00+07:00"
"Zero Trust Architecture","senior","Forrester Zero Trust Strategy Certificate","https://www.forrester.com/certification/zero-trust/","60","cert","Certificate program focused on Zero Trust strategy, governance, architecture, adoption, maturity, and enterprise security transformation.","manual_research_expanded_2026_05_03","2026-05-03T00:00:00+07:00","2026-05-03T00:00:00+07:00"
"Zero Trust Architecture","senior","NIST SP 800-207 Zero Trust Architecture","https://csrc.nist.gov/pubs/sp/800/207/final","25","doc","Authoritative NIST publication defining Zero Trust concepts, logical components, deployment models, threats, and architectural approaches.","manual_research_expanded_2026_05_03","2026-05-03T00:00:00+07:00","2026-05-03T00:00:00+07:00"
"Identity and Access Management Architecture","senior","Microsoft Learn: Identity and Access Administrator","https://learn.microsoft.com/en-us/training/paths/implement-identity-management-solution/","60","course","Microsoft identity path covering Entra ID, authentication, authorization, conditional access, identity governance, external identities, and privileged access.","manual_research_expanded_2026_05_03","2026-05-03T00:00:00+07:00","2026-05-03T00:00:00+07:00"
"Identity and Access Management Architecture","senior","Enterprise IAM Redesign Project","https://learn.microsoft.com/en-us/entra/architecture/","80","project","Project: define identity lifecycle, RBAC, SSO, MFA, conditional access, privileged access, audit logging, joiner-mover-leaver process, and governance controls.","manual_research_expanded_2026_05_03","2026-05-03T00:00:00+07:00","2026-05-03T00:00:00+07:00"
"Identity and Access Management Architecture","senior","Microsoft Certified: Identity and Access Administrator Associate SC-300","https://learn.microsoft.com/en-us/credentials/certifications/identity-and-access-administrator/","100","cert","Certification for implementing and administering identity, authentication, authorization, access management, and identity governance in Microsoft Entra.","manual_research_expanded_2026_05_03","2026-05-03T00:00:00+07:00","2026-05-03T00:00:00+07:00"
"Identity and Access Management Architecture","senior","Microsoft Entra Architecture Documentation","https://learn.microsoft.com/en-us/entra/architecture/","30","doc","Official architecture guidance for Entra ID, hybrid identity, access management, app integration, governance, security operations, and identity design.","manual_research_expanded_2026_05_03","2026-05-03T00:00:00+07:00","2026-05-03T00:00:00+07:00"
"Platform Engineering Internal Developer Platform","senior","CNCF Platform Engineering Maturity Model","https://tag-app-delivery.cncf.io/whitepapers/platform-eng-maturity-model/","25","course","CNCF whitepaper for platform engineering maturity, capabilities, product thinking, developer experience, operational models, and adoption phases.","manual_research_expanded_2026_05_03","2026-05-03T00:00:00+07:00","2026-05-03T00:00:00+07:00"
"Platform Engineering Internal Developer Platform","senior","Internal Developer Platform Blueprint","https://backstage.io/docs/overview/what-is-backstage","90","project","Project: design golden paths, service catalog, templates, CI/CD integrations, environments, observability links, ownership metadata, and platform KPIs.","manual_research_expanded_2026_05_03","2026-05-03T00:00:00+07:00","2026-05-03T00:00:00+07:00"
"Platform Engineering Internal Developer Platform","senior","Certified Backstage Associate CBA","https://training.linuxfoundation.org/certification/certified-backstage-associate-cba/","70","cert","Cloud native certification for Backstage concepts, software catalog, templates, plugins, developer portals, and platform engineering practices.","manual_research_expanded_2026_05_03","2026-05-03T00:00:00+07:00","2026-05-03T00:00:00+07:00"
"Platform Engineering Internal Developer Platform","senior","Backstage Documentation","https://backstage.io/docs/overview/what-is-backstage","30","doc","Official docs for Backstage developer portals, software catalog, scaffolder templates, plugins, authentication, deployment, and platform extensibility.","manual_research_expanded_2026_05_03","2026-05-03T00:00:00+07:00","2026-05-03T00:00:00+07:00"
"Site Reliability Engineering SLOs and Error Budgets","senior","Google SRE Books and Courses","https://sre.google/books/","60","course","Google SRE books and resources covering reliability engineering, service level objectives, error budgets, incident response, toil reduction, and operations at scale.","manual_research_expanded_2026_05_03","2026-05-03T00:00:00+07:00","2026-05-03T00:00:00+07:00"
"Site Reliability Engineering SLOs and Error Budgets","senior","SLO Design and Error Budget Policy Project","https://sre.google/workbook/implementing-slos/","70","project","Project: define SLIs/SLOs, telemetry sources, error budget policy, alerting thresholds, reliability risks, incident review template, and service health dashboard.","manual_research_expanded_2026_05_03","2026-05-03T00:00:00+07:00","2026-05-03T00:00:00+07:00"
"Site Reliability Engineering SLOs and Error Budgets","senior","Google Cloud Professional Cloud DevOps Engineer","https://cloud.google.com/learn/certification/cloud-devops-engineer","120","cert","Professional certification for service reliability, monitoring, incident response, CI/CD, observability, and DevOps practices on Google Cloud.","manual_research_expanded_2026_05_03","2026-05-03T00:00:00+07:00","2026-05-03T00:00:00+07:00"
"Site Reliability Engineering SLOs and Error Budgets","senior","Google SRE Workbook: Implementing SLOs","https://sre.google/workbook/implementing-slos/","30","doc","Detailed practical guidance for choosing SLIs, setting SLOs, error budgets, alerting, measurement windows, and reliability decision-making.","manual_research_expanded_2026_05_03","2026-05-03T00:00:00+07:00","2026-05-03T00:00:00+07:00"
"Observability Strategy OpenTelemetry","senior","OpenTelemetry Training and Docs","https://opentelemetry.io/docs/","40","course","Official OpenTelemetry learning for traces, metrics, logs, instrumentation, collectors, semantic conventions, exporters, and observability architecture.","manual_research_expanded_2026_05_03","2026-05-03T00:00:00+07:00","2026-05-03T00:00:00+07:00"
"Observability Strategy OpenTelemetry","senior","Distributed Tracing and Metrics Rollout","https://opentelemetry.io/docs/demo/","70","project","Project: instrument services, deploy collector, export traces/metrics/logs, define dashboards, service maps, alerts, and troubleshooting guides.","manual_research_expanded_2026_05_03","2026-05-03T00:00:00+07:00","2026-05-03T00:00:00+07:00"
"Observability Strategy OpenTelemetry","senior","Grafana Observability Certification","https://grafana.com/training/","60","cert","Grafana training and certification ecosystem for observability, dashboards, metrics, logs, traces, Prometheus, Loki, Tempo, and operational analysis.","manual_research_expanded_2026_05_03","2026-05-03T00:00:00+07:00","2026-05-03T00:00:00+07:00"
"Observability Strategy OpenTelemetry","senior","OpenTelemetry Documentation","https://opentelemetry.io/docs/","30","doc","Official docs for vendor-neutral telemetry instrumentation, collector configuration, APIs, SDKs, semantic conventions, and observability pipelines.","manual_research_expanded_2026_05_03","2026-05-03T00:00:00+07:00","2026-05-03T00:00:00+07:00"
"Data Governance Operating Model","senior","DAMA Data Management Training Resources","https://www.dama.org/cpages/cdmp","60","course","Data management learning and certification resources covering governance, quality, architecture, modeling, metadata, master data, and lifecycle management.","manual_research_expanded_2026_05_03","2026-05-03T00:00:00+07:00","2026-05-03T00:00:00+07:00"
"Data Governance Operating Model","senior","Enterprise Data Governance Charter and Catalog Project","https://www.dama.org/cpages/body-of-knowledge","80","project","Project: define data domains, owners, stewards, policies, glossary, catalog metadata, issue workflow, quality rules, and governance council rhythm.","manual_research_expanded_2026_05_03","2026-05-03T00:00:00+07:00","2026-05-03T00:00:00+07:00"
"Data Governance Operating Model","senior","Certified Data Management Professional CDMP","https://www.dama.org/cpages/cdmp","140","cert","Professional certification for DAMA data management body of knowledge including governance, quality, architecture, modeling, metadata, and master data.","manual_research_expanded_2026_05_03","2026-05-03T00:00:00+07:00","2026-05-03T00:00:00+07:00"
"Data Governance Operating Model","senior","DAMA-DMBOK Reference","https://www.dama.org/cpages/body-of-knowledge","35","doc","Data management body of knowledge reference for governance, data architecture, modeling, storage, security, integration, quality, metadata, and master data.","manual_research_expanded_2026_05_03","2026-05-03T00:00:00+07:00","2026-05-03T00:00:00+07:00"
"Master Data Management Strategy","senior","Informatica University: Master Data Management","https://www.informatica.com/services-and-training/informatica-university.html","50","course","Vendor education for MDM concepts, data domains, matching, survivorship, stewardship, governance, data quality, and enterprise data management.","manual_research_expanded_2026_05_03","2026-05-03T00:00:00+07:00","2026-05-03T00:00:00+07:00"
"Master Data Management Strategy","senior","Customer Golden Record MDM Blueprint","https://www.dama.org/cpages/body-of-knowledge","75","project","Project: design customer master model, match rules, merge/survivorship logic, stewardship workflow, data quality KPIs, and integration architecture.","manual_research_expanded_2026_05_03","2026-05-03T00:00:00+07:00","2026-05-03T00:00:00+07:00"
"Master Data Management Strategy","senior","DAMA CDMP Practitioner or Master Track","https://www.dama.org/cpages/cdmp","160","cert","Advanced data management credential path for experienced practitioners in governance, quality, metadata, architecture, master data, and enterprise data leadership.","manual_research_expanded_2026_05_03","2026-05-03T00:00:00+07:00","2026-05-03T00:00:00+07:00"
"Master Data Management Strategy","senior","Microsoft Master Data Services Documentation","https://learn.microsoft.com/en-us/sql/master-data-services/master-data-services-overview-mds","25","doc","Microsoft reference for master data concepts, models, entities, hierarchies, business rules, stewardship, and MDS architecture.","manual_research_expanded_2026_05_03","2026-05-03T00:00:00+07:00","2026-05-03T00:00:00+07:00"
"Data Privacy Engineering and Governance","senior","IAPP Privacy Engineering Training","https://iapp.org/train/","60","course","Privacy training resources for privacy program management, engineering, laws, governance, data protection, risk, and operational privacy controls.","manual_research_expanded_2026_05_03","2026-05-03T00:00:00+07:00","2026-05-03T00:00:00+07:00"
"Data Privacy Engineering and Governance","senior","Privacy Impact Assessment and Data Flow Mapping","https://www.iso.org/standard/45123.html","70","project","Project: map data flows, identify personal data, assess lawful basis, retention, risk, DPIA controls, vendor risk, and privacy-by-design requirements.","manual_research_expanded_2026_05_03","2026-05-03T00:00:00+07:00","2026-05-03T00:00:00+07:00"
"Data Privacy Engineering and Governance","senior","IAPP Certified Information Privacy Technologist CIPT","https://iapp.org/certify/cipt/","100","cert","Certification for privacy technologists covering privacy engineering, data protection, security, governance, privacy-by-design, and technology controls.","manual_research_expanded_2026_05_03","2026-05-03T00:00:00+07:00","2026-05-03T00:00:00+07:00"
"Data Privacy Engineering and Governance","senior","NIST Privacy Framework","https://www.nist.gov/privacy-framework","30","doc","NIST framework for managing privacy risk through governance, data processing, control outcomes, profiles, and privacy engineering alignment.","manual_research_expanded_2026_05_03","2026-05-03T00:00:00+07:00","2026-05-03T00:00:00+07:00"
"AI Governance and Responsible AI","senior","Microsoft Learn: Responsible AI","https://learn.microsoft.com/en-us/training/browse/?terms=responsible%20AI","35","course","Learning modules for responsible AI principles, fairness, reliability, privacy, security, transparency, accountability, and operational governance.","manual_research_expanded_2026_05_03","2026-05-03T00:00:00+07:00","2026-05-03T00:00:00+07:00"
"AI Governance and Responsible AI","senior","Responsible AI Risk Assessment for an ML Product","https://www.nist.gov/itl/ai-risk-management-framework","70","project","Project: create AI system card, identify harms, map NIST AI RMF functions, define mitigations, monitoring, evaluation, and accountability workflow.","manual_research_expanded_2026_05_03","2026-05-03T00:00:00+07:00","2026-05-03T00:00:00+07:00"
"AI Governance and Responsible AI","senior","IAPP Artificial Intelligence Governance Professional AIGP","https://iapp.org/certify/aigp/","100","cert","Certification for AI governance, risk management, compliance, responsible AI, policy, governance structures, and operational controls.","manual_research_expanded_2026_05_03","2026-05-03T00:00:00+07:00","2026-05-03T00:00:00+07:00"
"AI Governance and Responsible AI","senior","NIST AI Risk Management Framework","https://www.nist.gov/itl/ai-risk-management-framework","30","doc","NIST AI RMF reference for governing, mapping, measuring, and managing AI risks across trustworthy AI characteristics.","manual_research_expanded_2026_05_03","2026-05-03T00:00:00+07:00","2026-05-03T00:00:00+07:00"
"Generative AI Application Architecture","senior","DeepLearning.AI: Building Systems with ChatGPT API","https://www.deeplearning.ai/short-courses/building-systems-with-chatgpt/","15","course","Short course on designing LLM application workflows, prompting, classification, moderation, chain architectures, evaluation, and multi-step AI systems.","manual_research_expanded_2026_05_03","2026-05-03T00:00:00+07:00","2026-05-03T00:00:00+07:00"
"Generative AI Application Architecture","senior","RAG Application with Evaluation and Guardrails","https://platform.openai.com/docs/guides","80","project","Project: build document ingestion, embeddings, retrieval, citations, prompt templates, evaluation dataset, guardrails, monitoring, and failure analysis.","manual_research_expanded_2026_05_03","2026-05-03T00:00:00+07:00","2026-05-03T00:00:00+07:00"
"Generative AI Application Architecture","senior","Microsoft Certified: Azure AI Engineer Associate AI-102","https://learn.microsoft.com/en-us/credentials/certifications/azure-ai-engineer/","100","cert","Certification for building AI solutions on Azure including language, vision, search, knowledge mining, generative AI, and application integration.","manual_research_expanded_2026_05_03","2026-05-03T00:00:00+07:00","2026-05-03T00:00:00+07:00"
"Generative AI Application Architecture","senior","OpenAI Platform Documentation","https://platform.openai.com/docs","30","doc","Official docs for models, API usage, prompting, embeddings, tool calling, safety, evaluation, deployment patterns, and production LLM application development.","manual_research_expanded_2026_05_03","2026-05-03T00:00:00+07:00","2026-05-03T00:00:00+07:00"
"Solution Architecture Documentation","senior","Microsoft Learn: Solution Architect Expert Learning","https://learn.microsoft.com/en-us/credentials/certifications/azure-solutions-architect/","90","course","Learning path for cloud solution architecture, requirements translation, architecture decisions, workload design, governance, security, reliability, and infrastructure.","manual_research_expanded_2026_05_03","2026-05-03T00:00:00+07:00","2026-05-03T00:00:00+07:00"
"Solution Architecture Documentation","senior","Architecture Decision Record Portfolio","https://adr.github.io/","50","project","Project: create context diagrams, C4 diagrams, ADRs, quality attributes, tradeoff analysis, risk register, and implementation roadmap for a system.","manual_research_expanded_2026_05_03","2026-05-03T00:00:00+07:00","2026-05-03T00:00:00+07:00"
"Solution Architecture Documentation","senior","Microsoft Certified: Azure Solutions Architect Expert","https://learn.microsoft.com/en-us/credentials/certifications/azure-solutions-architect/","130","cert","Expert certification for designing Azure infrastructure, identity, governance, data storage, business continuity, applications, and architecture solutions.","manual_research_expanded_2026_05_03","2026-05-03T00:00:00+07:00","2026-05-03T00:00:00+07:00"
"Solution Architecture Documentation","senior","C4 Model for Visualising Software Architecture","https://c4model.com/","20","doc","Architecture documentation model for context, containers, components, code diagrams, notation, abstractions, and communication of software architecture.","manual_research_expanded_2026_05_03","2026-05-03T00:00:00+07:00","2026-05-03T00:00:00+07:00"
"Enterprise Integration Architecture APIs and Events","senior","Confluent Developer: Apache Kafka Courses","https://developer.confluent.io/courses/","60","course","Event streaming courses covering Kafka fundamentals, producers, consumers, schemas, stream processing, connectors, and event-driven architecture patterns.","manual_research_expanded_2026_05_03","2026-05-03T00:00:00+07:00","2026-05-03T00:00:00+07:00"
"Enterprise Integration Architecture APIs and Events","senior","Event-Driven Integration Blueprint","https://developer.confluent.io/patterns/","80","project","Project: design API gateway, event bus, schemas, asynchronous workflows, dead-letter handling, idempotency, monitoring, and versioning strategy.","manual_research_expanded_2026_05_03","2026-05-03T00:00:00+07:00","2026-05-03T00:00:00+07:00"
"Enterprise Integration Architecture APIs and Events","senior","Confluent Certified Developer for Apache Kafka","https://www.confluent.io/certification/","100","cert","Certification validating Kafka application development, producers, consumers, streams, schemas, event processing, and distributed messaging concepts.","manual_research_expanded_2026_05_03","2026-05-03T00:00:00+07:00","2026-05-03T00:00:00+07:00"
"Enterprise Integration Architecture APIs and Events","senior","Enterprise Integration Patterns","https://www.enterpriseintegrationpatterns.com/","35","doc","Classic reference for messaging patterns, routing, transformation, endpoints, channels, event-driven integration, and distributed system communication.","manual_research_expanded_2026_05_03","2026-05-03T00:00:00+07:00","2026-05-03T00:00:00+07:00"
"FinOps and Cloud Cost Management","senior","FinOps Foundation Training","https://learn.finops.org/","40","course","FinOps learning for cloud cost visibility, allocation, optimization, forecasting, governance, accountability, and collaboration across engineering and finance.","manual_research_expanded_2026_05_03","2026-05-03T00:00:00+07:00","2026-05-03T00:00:00+07:00"
"FinOps and Cloud Cost Management","senior","Cloud Cost Allocation and Optimization Program","https://www.finops.org/framework/","60","project","Project: implement tagging policy, cost dashboards, showback, rightsizing recommendations, budget alerts, anomaly detection, and optimization backlog.","manual_research_expanded_2026_05_03","2026-05-03T00:00:00+07:00","2026-05-03T00:00:00+07:00"
"FinOps and Cloud Cost Management","senior","FinOps Certified Practitioner","https://www.finops.org/certification/finops-certified-practitioner/","70","cert","Certification for FinOps framework, principles, capabilities, personas, cloud cost management, operations, and organizational adoption.","manual_research_expanded_2026_05_03","2026-05-03T00:00:00+07:00","2026-05-03T00:00:00+07:00"
"FinOps and Cloud Cost Management","senior","FinOps Framework","https://www.finops.org/framework/","25","doc","Official FinOps Foundation framework for cloud financial management phases, domains, capabilities, principles, personas, and maturity model.","manual_research_expanded_2026_05_03","2026-05-03T00:00:00+07:00","2026-05-03T00:00:00+07:00"
"Disaster Recovery and Business Continuity Architecture","senior","AWS Disaster Recovery of Workloads Training","https://explore.skillbuilder.aws/learn/course/external/view/elearning/11113/disaster-recovery-of-workloads-on-aws","35","course","AWS training for disaster recovery strategies, backup/restore, pilot light, warm standby, multi-site, RTO/RPO, testing, and resilience planning.","manual_research_expanded_2026_05_03","2026-05-03T00:00:00+07:00","2026-05-03T00:00:00+07:00"
"Disaster Recovery and Business Continuity Architecture","senior","Multi-Region DR Plan and Game Day","https://docs.aws.amazon.com/whitepapers/latest/disaster-recovery-workloads-on-aws/disaster-recovery-workloads-on-aws.html","80","project","Project: define critical services, RTO/RPO, backup policy, failover architecture, runbooks, testing calendar, and recovery metrics.","manual_research_expanded_2026_05_03","2026-05-03T00:00:00+07:00","2026-05-03T00:00:00+07:00"
"Disaster Recovery and Business Continuity Architecture","senior","CBCP Certified Business Continuity Professional","https://drii.org/certification/cbcp","120","cert","Business continuity certification for experienced practitioners covering risk assessment, continuity strategy, crisis management, recovery, exercises, and program governance.","manual_research_expanded_2026_05_03","2026-05-03T00:00:00+07:00","2026-05-03T00:00:00+07:00"
"Disaster Recovery and Business Continuity Architecture","senior","AWS Disaster Recovery of Workloads Whitepaper","https://docs.aws.amazon.com/whitepapers/latest/disaster-recovery-workloads-on-aws/disaster-recovery-workloads-on-aws.html","30","doc","AWS guidance for DR strategy selection, backups, replication, failover, testing, resilience, and workload recovery architecture.","manual_research_expanded_2026_05_03","2026-05-03T00:00:00+07:00","2026-05-03T00:00:00+07:00"
"Advanced Network Design and Segmentation","senior","Cisco CCNP Enterprise Training","https://learningnetwork.cisco.com/s/ccnp-enterprise","120","course","Advanced enterprise networking training for routing, switching, wireless, SD-WAN, automation, security, design, troubleshooting, and implementation.","manual_research_expanded_2026_05_03","2026-05-03T00:00:00+07:00","2026-05-03T00:00:00+07:00"
"Advanced Network Design and Segmentation","senior","Campus Network Segmentation Architecture","https://www.cisco.com/c/en/us/solutions/enterprise/design-zone.html","90","project","Project: design VLANs, routing, ACLs, segmentation zones, redundancy, wireless, monitoring, network services, and migration plan.","manual_research_expanded_2026_05_03","2026-05-03T00:00:00+07:00","2026-05-03T00:00:00+07:00"
"Advanced Network Design and Segmentation","senior","Cisco CCNP Enterprise Certification","https://www.cisco.com/site/us/en/learn/training-certifications/certifications/enterprise/ccnp-enterprise/index.html","160","cert","Professional certification for enterprise networking technologies, architecture, implementation, troubleshooting, automation, and advanced routing/switching domains.","manual_research_expanded_2026_05_03","2026-05-03T00:00:00+07:00","2026-05-03T00:00:00+07:00"
"Advanced Network Design and Segmentation","senior","Cisco Design Zone","https://www.cisco.com/c/en/us/solutions/enterprise/design-zone.html","35","doc","Cisco design guides for enterprise networking, campus, branch, data center, security, wireless, SD-WAN, and architecture patterns.","manual_research_expanded_2026_05_03","2026-05-03T00:00:00+07:00","2026-05-03T00:00:00+07:00"
"Kubernetes Security Hardening","senior","Kubernetes Security Essentials LFS260","https://training.linuxfoundation.org/training/kubernetes-security-essentials-lfs260/","70","course","Kubernetes security course covering cluster hardening, workloads, network policies, supply chain, runtime security, logging, and incident response.","manual_research_expanded_2026_05_03","2026-05-03T00:00:00+07:00","2026-05-03T00:00:00+07:00"
"Kubernetes Security Hardening","senior","Kubernetes Cluster Hardening Assessment","https://kubernetes.io/docs/concepts/security/","80","project","Project: audit RBAC, network policies, pod security, secrets, image provenance, admission control, runtime detection, and CIS benchmark gaps.","manual_research_expanded_2026_05_03","2026-05-03T00:00:00+07:00","2026-05-03T00:00:00+07:00"
"Kubernetes Security Hardening","senior","Certified Kubernetes Security Specialist CKS","https://training.linuxfoundation.org/certification/certified-kubernetes-security-specialist/","140","cert","Advanced performance-based certification for securing Kubernetes clusters and containerized applications across build, deploy, and runtime phases.","manual_research_expanded_2026_05_03","2026-05-03T00:00:00+07:00","2026-05-03T00:00:00+07:00"
"Kubernetes Security Hardening","senior","Kubernetes Security Documentation","https://kubernetes.io/docs/concepts/security/","35","doc","Official Kubernetes security docs covering control plane, pods, secrets, RBAC, admission, network policies, multi-tenancy, and hardening concepts.","manual_research_expanded_2026_05_03","2026-05-03T00:00:00+07:00","2026-05-03T00:00:00+07:00"
